carrier,flight_number,departure_airport,arrival_airport,scheduled_departure,actual_departure
VAV,EL043,JVL,JVL,2016-09-17 22:54:00,2016-09-17 22:54:00
POP,ZK078,GCC,JVL,2016-08-10 22:13:00,2016-08-10 22:13:00
POP,KA604,JVL,AVL,2016-05-30 13:45:00,2016-05-30 14:13:00
WUT,NK749,JVL,WYS,2016-07-08 20:34:00,2016-07-08 20:34:00
VAV,XR073,AVL,JVL,2016-09-29 11:29:00,2016-09-29 11:29:00
WUT,EV947,JVL,JVL,2016-05-20 12:12:00,2016-05-20 12:24:00
ABC,GU871,JVL,CHS,2016-08-24 03:28:00,2016-08-24 04:51:00
GHU,BG731,JVL,JVL,2016-07-16 02:19:00,2016-07-16 02:19:00
WUT,HY878,JVL,CHS,2016-05-17 03:34:00,2016-05-17 03:34:00
VAV,DF720,JVL,JVL,2016-08-19 07:15:00,2016-08-19 07:15:00
WUT,BU797,WRE,CHS,2016-09-26 12:25:00,2016-09-26 12:25:00
DEF,PZ281,JVL,JVL,2016-08-07 20:33:00,2016-08-07 20:33:00
POP,ZD718,FSM,JVL,2016-07-27 17:39:00,2016-07-27 17:39:00
WUT,KG326,JVL,JVL,2016-08-06 03:08:00,2016-08-06 03:08:00
WUT,NV319,CHS,JVL,2016-05-23 13:50:00,2016-05-23 13:50:00
POP,GK146,GCC,JVL,2016-09-06 16:54:00,2016-09-06 16:54:00
VAV,DE109,CHS,JVL,2016-07-09 08:39:00,2016-07-09 08:39:00
WUT,DR023,JVL,CHS,2016-09-16 03:04:00,2016-09-16 03:04:00
WUT,JZ371,WYS,JVL,2016-06-07 18:58:00,2016-06-07 18:58:00
POP,FV553,JVL,JVL,2016-08-14 09:30:00,2016-08-14 09:30:00
VAV,VD652,JVL,JVL,2016-09-29 11:22:00,2016-09-29 11:22:00
WUT,IK928,WRE,JVL,2016-07-21 18:34:00,2016-07-21 18:34:00
POP,QU447,JVL,JVL,2016-08-11 08:12:00,2016-08-11 08:12:00
POP,WH016,JVL,CHS,2016-06-18 23:20:00,2016-06-19 00:47:00
VAV,HD259,CHS,JVL,2016-05-31 00:27:00,2016-05-31 00:27:00
WUT,EW158,JVL,GCC,2016-05-28 05:46:00,2016-05-28 05:46:00
WUT,GJ042,JVL,JVL,2016-08-25 12:23:00,2016-08-25 13:18:00
WUT,KC173,WYS,JVL,2016-06-11 18:26:00,2016-06-11 18:45:00
POP,IQ058,JVL,CHS,2016-07-05 21:14:00,2016-07-05 21:14:00
ABC,PY723,GCC,JVL,2016-06-05 22:07:00,2016-06-05 22:07:00
WUT,UK627,AVL,JVL,2016-05-07 11:49:00,2016-05-07 11:49:00
WUT,QP998,CHS,CHS,2016-06-16 11:31:00,2016-06-16 11:31:00
POP,SC373,JVL,AVL,2016-05-17 08:46:00,2016-05-17 08:46:00
WUT,WK589,JVL,AVL,2016-09-18 10:55:00,2016-09-18 10:55:00
WUT,WC459,JVL,JVL,2016-06-08 11:00:00,2016-06-08 12:28:00
WUT,BF248,JVL,JVL,2016-06-08 15:18:00,2016-06-08 15:18:00
POP,ZL683,JVL,JVL,2016-09-12 07:31:00,2016-09-12 07:49:00
POP,KL137,JVL,CHS,2016-09-01 14:01:00,2016-09-01 14:01:00
WUT,WJ547,JVL,CHS,2016-06-05 20:05:00,2016-06-05 21:29:00
VAV,IO126,CHS,JVL,2016-08-21 18:13:00,2016-08-21 19:52:00
WUT,KA984,CHS,CHS,2016-07-10 11:40:00,2016-07-10 11:40:00
WUT,YV672,WRE,CHS,2016-05-20 22:25:00,2016-05-20 22:25:00
DEF,MT260,JVL,JVL,2016-09-18 19:04:00,2016-09-18 19:04:00
WUT,YU034,CHS,FYV,2016-07-08 13:22:00,2016-07-08 13:22:00
POP,RH792,JVL,JVL,2016-05-15 12:45:00,2016-05-15 12:45:00
POP,RM716,CHS,CHS,2016-08-23 00:58:00,2016-08-23 00:58:00
POP,VL027,CHS,CHS,2016-09-02 18:05:00,2016-09-02 18:05:00
WUT,OM951,GCC,JVL,2016-08-09 12:28:00,2016-08-09 12:28:00
ABC,PQ269,CHS,JVL,2016-09-23 16:58:00,2016-09-23 16:58:00
WUT,EG458,JVL,WRE,2016-05-14 10:36:00,2016-05-14 10:36:00
WUT,NP421,JVL,JVL,2016-06-02 06:00:00,2016-06-02 06:00:00
VAV,OU343,AVL,JVL,2016-06-11 13:15:00,2016-06-11 14:34:00
WUT,DP201,JVL,CHS,2016-09-24 18:16:00,2016-09-24 18:16:00
WUT,KV301,WRE,CHS,2016-08-22 20:28:00,2016-08-22 21:10:00
POP,IH748,JVL,AVL,2016-08-19 02:44:00,2016-08-19 04:26:00
POP,UO735,JVL,JVL,2016-08-10 11:01:00,2016-08-10 11:01:00
POP,IU684,WRE,JVL,2016-08-17 13:05:00,2016-08-17 13:05:00
WUT,KS215,WRE,WRE,2016-05-09 06:09:00,2016-05-09 06:09:00
WUT,AH073,JVL,JVL,2016-07-06 12:18:00,2016-07-06 12:18:00
DEF,YC063,AVL,JVL,2016-05-17 09:22:00,2016-05-17 09:22:00
WUT,FU723,AVL,CHS,2016-08-27 06:04:00,2016-08-27 06:04:00
VAV,ZS195,CHS,CHS,2016-06-26 12:16:00,2016-06-26 12:16:00
POP,BN448,AVL,JVL,2016-06-28 05:45:00,2016-06-28 05:45:00
DEF,FE068,JVL,CHS,2016-09-17 15:51:00,2016-09-17 15:51:00
WUT,EY189,JVL,JVL,2016-07-24 23:44:00,2016-07-24 23:44:00
POP,OW343,AVL,AVL,2016-09-27 04:29:00,2016-09-27 04:29:00
POP,UI114,GCC,CHS,2016-05-09 01:16:00,2016-05-09 01:16:00
WUT,VH813,CHS,AVL,2016-05-05 02:12:00,2016-05-05 02:12:00
VAV,OF128,CHS,CHS,2016-06-26 18:56:00,2016-06-26 20:03:00
POP,LM052,JVL,CHS,2016-05-12 10:05:00,2016-05-12 10:05:00
POP,NR689,AVL,JVL,2016-09-19 10:06:00,2016-09-19 10:06:00
VAV,SY260,CHS,CHS,2016-09-21 15:24:00,2016-09-21 15:24:00
DEF,SQ118,WYS,JVL,2016-05-29 03:05:00,2016-05-29 04:46:00
VAV,FE380,JVL,CHS,2016-09-28 12:00:00,2016-09-28 12:00:00
WUT,IR363,AVL,JVL,2016-07-20 12:22:00,2016-07-20 12:43:00
WUT,SI526,JVL,AVL,2016-05-23 00:19:00,2016-05-23 00:19:00
WUT,WV693,CHS,JVL,2016-08-14 06:40:00,2016-08-14 06:40:00
VAV,VF527,WRE,JVL,2016-06-24 04:02:00,2016-06-24 04:02:00
POP,TC269,JVL,CHS,2016-06-25 08:05:00,2016-06-25 09:21:00
WUT,IV035,CHS,AVL,2016-08-28 19:00:00,2016-08-28 19:48:00
DEF,YE821,WRE,JVL,2016-09-11 00:03:00,2016-09-11 00:36:00
WUT,SD310,AVL,JVL,2016-08-31 12:17:00,2016-08-31 12:17:00
WUT,DL400,AVL,JVL,2016-08-11 01:02:00,2016-08-11 01:02:00
WUT,SL374,JVL,CHS,2016-09-07 03:43:00,2016-09-07 05:17:00
VAV,QZ708,AVL,WRE,2016-06-15 21:20:00,2016-06-15 23:10:00
ABC,RC333,AVL,CHS,2016-07-30 09:38:00,2016-07-30 09:38:00
WUT,GE101,JVL,CHS,2016-05-27 01:10:00,2016-05-27 03:05:00
POP,GA540,WRE,JVL,2016-05-09 17:41:00,2016-05-09 17:41:00
WUT,YP827,JVL,JVL,2016-07-06 01:54:00,2016-07-06 03:07:00
WUT,YR197,WRE,JVL,2016-07-15 05:07:00,2016-07-15 05:07:00
WUT,HD355,WRE,WYS,2016-09-17 15:57:00,2016-09-17 15:57:00
VAV,YQ223,CHS,CHS,2016-05-15 05:15:00,2016-05-15 05:15:00
POP,EF146,JVL,CHS,2016-07-11 00:07:00,2016-07-11 00:07:00
ABC,QX918,JVL,CHS,2016-06-11 11:55:00,2016-06-11 11:55:00
POP,RN118,CHS,JVL,2016-05-03 06:04:00,2016-05-03 06:22:00
VAV,QH644,JVL,JVL,2016-08-06 03:40:00,2016-08-06 03:40:00
WUT,NY010,JVL,JVL,2016-08-05 11:57:00,2016-08-05 13:00:00
POP,SE078,CHS,CHS,2016-09-05 01:17:00,2016-09-05 01:48:00
VAV,NB311,JVL,CHS,2016-09-26 06:16:00,2016-09-26 06:16:00
POP,NO623,JVL,JVL,2016-07-30 14:19:00,2016-07-30 14:19:00
WUT,NW609,JVL,JVL,2016-08-27 20:03:00,2016-08-27 20:03:00
WUT,LM141,CHS,JVL,2016-05-20 16:47:00,2016-05-20 16:50:00
WUT,YK963,JVL,CHS,2016-05-17 16:31:00,2016-05-17 17:37:00
POP,IC801,AVL,CHS,2016-06-22 05:41:00,2016-06-22 05:41:00
WUT,WI741,AVL,CHS,2016-09-22 08:04:00,2016-09-22 08:04:00
POP,MR945,JVL,CHS,2016-08-20 04:43:00,2016-08-20 06:35:00
POP,IU154,JVL,AVL,2016-08-18 21:28:00,2016-08-18 21:28:00
WUT,CQ530,AVL,AVL,2016-08-04 02:30:00,2016-08-04 03:50:00
WUT,NY473,DFW,JVL,2016-09-04 20:53:00,2016-09-04 20:53:00
POP,SO969,AVL,JVL,2016-06-22 11:15:00,2016-06-22 11:15:00
WUT,BV004,JVL,JVL,2016-05-06 18:21:00,2016-05-06 18:57:00
WUT,FY752,AVL,JVL,2016-05-23 16:48:00,2016-05-23 16:48:00
WUT,MA343,AVL,WRE,2016-06-30 19:46:00,2016-06-30 21:43:00
WUT,JL363,CHS,JVL,2016-05-17 02:00:00,2016-05-17 02:19:00
WUT,RI594,JVL,JVL,2016-09-19 11:13:00,2016-09-19 11:13:00
WUT,NW388,CHS,JVL,2016-06-25 01:21:00,2016-06-25 01:55:00
WUT,LG667,JVL,CHS,2016-06-14 20:10:00,2016-06-14 20:44:00
POP,KL690,AVL,CHS,2016-08-27 13:12:00,2016-08-27 15:03:00
WUT,MW933,AVL,CHS,2016-09-18 17:24:00,2016-09-18 17:24:00
WUT,CY620,JVL,JVL,2016-09-22 21:19:00,2016-09-22 22:51:00
POP,IR950,JVL,WRE,2016-09-04 09:45:00,2016-09-04 09:45:00
WUT,AK135,JVL,WRE,2016-05-07 07:49:00,2016-05-07 09:37:00
DEF,PN935,JVL,JVL,2016-05-25 11:17:00,2016-05-25 12:33:00
WUT,EH525,JVL,CHS,2016-05-18 15:42:00,2016-05-18 16:07:00
POP,FT492,JVL,CHS,2016-05-28 05:26:00,2016-05-28 06:24:00
WUT,SW465,JVL,AVL,2016-08-30 18:59:00,2016-08-30 18:59:00
VAV,CQ774,CHS,JVL,2016-06-04 09:50:00,2016-06-04 09:50:00
WUT,SV575,CHS,CHS,2016-09-27 12:12:00,2016-09-27 12:12:00
WUT,DP546,JVL,JVL,2016-06-21 08:58:00,2016-06-21 09:19:00
WUT,EM673,JVL,JVL,2016-06-24 13:02:00,2016-06-24 13:02:00
WUT,JN611,CHS,JVL,2016-08-17 01:06:00,2016-08-17 02:34:00
VAV,BZ579,JVL,JVL,2016-07-15 18:31:00,2016-07-15 18:31:00
WUT,JV394,JVL,AVL,2016-09-19 17:44:00,2016-09-19 17:44:00
POP,WP900,JVL,JVL,2016-05-08 09:40:00,2016-05-08 10:33:00
POP,DC886,CHS,WYS,2016-06-03 02:00:00,2016-06-03 02:00:00
POP,XG591,JVL,JVL,2016-07-31 16:23:00,2016-07-31 16:23:00
WUT,HN615,CHS,AVL,2016-06-02 07:22:00,2016-06-02 08:55:00
WUT,ZF438,JVL,CHS,2016-05-23 17:44:00,2016-05-23 17:44:00
WUT,OH260,DFW,JVL,2016-08-02 15:09:00,2016-08-02 15:09:00
VAV,VR569,CHS,GCC,2016-05-12 20:04:00,2016-05-12 20:04:00
WUT,SD374,JVL,JVL,2016-05-20 16:59:00,2016-05-20 16:59:00
WUT,VZ618,CHS,AVL,2016-06-03 12:29:00,2016-06-03 12:29:00
POP,UA097,CHS,JVL,2016-08-12 10:22:00,2016-08-12 10:22:00
DEF,CX991,CHS,FYV,2016-06-07 06:49:00,2016-06-07 08:34:00
WUT,YI392,JVL,CHS,2016-05-08 06:12:00,2016-05-08 07:35:00
WUT,CZ325,AVL,JVL,2016-09-29 15:19:00,2016-09-29 16:48:00
WUT,UI729,JVL,JVL,2016-05-30 19:09:00,2016-05-30 19:09:00
POP,XM371,JVL,JVL,2016-08-25 06:23:00,2016-08-25 06:23:00
POP,BF277,CHS,AVL,2016-06-24 21:38:00,2016-06-24 22:49:00
WUT,PM987,WRE,CHS,2016-09-06 16:08:00,2016-09-06 17:27:00
VAV,NX642,CHS,CHS,2016-07-16 14:02:00,2016-07-16 14:02:00
POP,ZD391,AVL,JVL,2016-06-16 17:03:00,2016-06-16 17:03:00
POP,YN825,CHS,JVL,2016-05-05 02:42:00,2016-05-05 02:42:00
VAV,RB569,WRE,JVL,2016-06-17 22:12:00,2016-06-17 22:12:00
WUT,DW481,WRE,JVL,2016-08-08 17:31:00,2016-08-08 17:31:00
GHU,XD628,JVL,CHS,2016-06-10 17:42:00,2016-06-10 17:42:00
WUT,CO884,JVL,JVL,2016-05-05 02:32:00,2016-05-05 02:38:00
WUT,IF906,JVL,JVL,2016-06-22 23:34:00,2016-06-22 23:34:00
POP,IT117,WRE,JVL,2016-05-14 01:52:00,2016-05-14 03:08:00
GHU,ZM623,AVL,CHS,2016-07-08 22:05:00,2016-07-08 22:05:00
POP,MF201,JVL,AVL,2016-07-02 13:03:00,2016-07-02 13:03:00
POP,HU493,CHS,AVL,2016-06-14 18:41:00,2016-06-14 18:41:00
ABC,HL241,CHS,GCC,2016-08-21 14:45:00,2016-08-21 14:45:00
WUT,WN228,CHS,AVL,2016-07-03 16:02:00,2016-07-03 18:01:00
POP,YC981,CHS,JVL,2016-05-01 23:33:00,2016-05-01 23:45:00
WUT,XV949,JVL,JVL,2016-07-15 18:36:00,2016-07-15 18:36:00
WUT,RG393,WRE,JVL,2016-06-08 02:59:00,2016-06-08 02:59:00
WUT,ND274,JVL,CHS,2016-06-22 09:14:00,2016-06-22 09:50:00
VAV,TD935,CHS,WYS,2016-07-02 03:19:00,2016-07-02 03:19:00
POP,IA623,JVL,JVL,2016-06-07 21:18:00,2016-06-07 21:37:00
POP,QH229,JVL,JVL,2016-08-29 09:34:00,2016-08-29 09:34:00
POP,AB923,JVL,CHS,2016-07-03 06:36:00,2016-07-03 06:36:00
VAV,RQ807,WYS,CHS,2016-08-27 20:50:00,2016-08-27 20:50:00
VAV,GH412,CHS,JVL,2016-07-31 15:04:00,2016-07-31 15:04:00
POP,PO637,JVL,CHS,2016-07-04 14:28:00,2016-07-04 14:28:00
DEF,GS609,JVL,AVL,2016-07-14 09:48:00,2016-07-14 09:48:00
WUT,QB123,JVL,JVL,2016-06-14 22:42:00,2016-06-14 22:42:00
WUT,KI559,CHS,CHS,2016-07-07 22:32:00,2016-07-07 22:32:00
VAV,SA513,JVL,JVL,2016-05-13 21:31:00,2016-05-13 21:31:00
WUT,ZR555,JVL,CHS,2016-05-19 18:24:00,2016-05-19 18:24:00
WUT,OW651,CHS,CHS,2016-07-18 21:52:00,2016-07-18 21:52:00
POP,TR684,JVL,AVL,2016-08-26 05:03:00,2016-08-26 05:03:00
POP,NM972,WYS,JVL,2016-06-15 11:25:00,2016-06-15 11:25:00
POP,KW442,CHS,AVL,2016-05-14 03:51:00,2016-05-14 03:51:00
WUT,UW956,JVL,JVL,2016-08-24 01:56:00,2016-08-24 03:31:00
WUT,BX457,CHS,JVL,2016-08-29 18:06:00,2016-08-29 18:06:00
POP,JV436,WYS,JVL,2016-06-06 01:43:00,2016-06-06 01:43:00
POP,HX933,JVL,WYS,2016-05-16 19:55:00,2016-05-16 19:55:00
POP,FN543,JVL,CHS,2016-06-01 20:06:00,2016-06-01 20:06:00
GHU,VC923,CHS,JVL,2016-08-15 22:38:00,2016-08-15 22:38:00
WUT,OD398,JVL,JVL,2016-07-03 19:39:00,2016-07-03 19:39:00
WUT,MJ045,JVL,CHS,2016-06-25 14:50:00,2016-06-25 14:50:00
POP,QO744,JVL,CHS,2016-09-15 01:23:00,2016-09-15 01:55:00
POP,DH143,JVL,JVL,2016-08-28 04:46:00,2016-08-28 04:46:00
WUT,SA633,JVL,CHS,2016-05-30 11:59:00,2016-05-30 13:45:00
VAV,QO404,CHS,JVL,2016-07-10 14:59:00,2016-07-10 14:59:00
WUT,UI414,CHS,JVL,2016-09-17 15:44:00,2016-09-17 15:44:00
POP,KX614,CHS,AVL,2016-06-22 17:48:00,2016-06-22 17:48:00
WUT,ZE136,CHS,JVL,2016-06-23 05:16:00,2016-06-23 05:16:00
GHU,OE257,JVL,WYS,2016-05-18 17:38:00,2016-05-18 19:30:00
WUT,XF406,CHS,CHS,2016-08-21 17:48:00,2016-08-21 17:48:00
VAV,AT826,CHS,JVL,2016-08-22 05:51:00,2016-08-22 05:51:00
WUT,SF127,WYS,CHS,2016-06-03 03:45:00,2016-06-03 04:16:00
WUT,MW123,JVL,JVL,2016-08-02 00:53:00,2016-08-02 00:53:00
WUT,DC639,JVL,JVL,2016-05-05 20:43:00,2016-05-05 22:40:00
WUT,OD890,JVL,CHS,2016-06-16 20:00:00,2016-06-16 20:00:00
WUT,OW595,JVL,JVL,2016-06-27 21:19:00,2016-06-27 22:12:00
POP,DS467,JVL,JVL,2016-07-15 17:25:00,2016-07-15 17:25:00
ABC,NF586,JVL,JVL,2016-08-10 14:02:00,2016-08-10 15:12:00
ABC,FC155,JVL,CHS,2016-08-04 04:15:00,2016-08-04 04:15:00
WUT,RZ070,JVL,JVL,2016-08-19 17:22:00,2016-08-19 17:22:00
GHU,VZ166,CHS,JVL,2016-06-27 19:52:00,2016-06-27 19:52:00
VAV,IG120,CHS,JVL,2016-07-03 14:11:00,2016-07-03 15:20:00
DEF,TL132,JVL,JVL,2016-08-27 05:30:00,2016-08-27 05:30:00
POP,SB552,JVL,JVL,2016-09-27 21:09:00,2016-09-27 21:09:00
ABC,IU064,AVL,JVL,2016-05-27 06:06:00,2016-05-27 06:36:00
GHU,YF464,JVL,CHS,2016-08-24 13:56:00,2016-08-24 15:35:00
WUT,UF317,AVL,JVL,2016-07-13 03:39:00,2016-07-13 03:39:00
GHU,DZ819,CHS,CHS,2016-05-06 15:13:00,2016-05-06 15:13:00
VAV,IL038,JVL,JVL,2016-08-29 03:57:00,2016-08-29 05:35:00
POP,OU306,JVL,CHS,2016-08-08 14:30:00,2016-08-08 14:30:00
WUT,LB206,CHS,JVL,2016-08-27 20:27:00,2016-08-27 20:27:00
VAV,LW699,AVL,JVL,2016-05-01 06:26:00,2016-05-01 06:26:00
WUT,NB340,AVL,AVL,2016-08-20 07:31:00,2016-08-20 08:18:00
POP,ZE025,JVL,AVL,2016-08-04 01:32:00,2016-08-04 01:32:00
POP,AZ763,JVL,JVL,2016-06-02 12:40:00,2016-06-02 13:46:00
ABC,FK938,FSM,JVL,2016-07-28 07:14:00,2016-07-28 07:14:00
WUT,EH539,JVL,WRE,2016-09-23 10:10:00,2016-09-23 10:10:00
WUT,UV829,JVL,JVL,2016-09-20 17:06:00,2016-09-20 17:06:00
WUT,WE348,JVL,CHS,2016-06-07 02:29:00,2016-06-07 02:29:00
DEF,UJ066,AVL,AVL,2016-06-17 12:44:00,2016-06-17 12:44:00
POP,RU745,JVL,JVL,2016-05-05 09:20:00,2016-05-05 09:20:00
WUT,KS365,WRE,JVL,2016-06-06 07:17:00,2016-06-06 07:17:00
WUT,DO591,CHS,AVL,2016-06-12 13:32:00,2016-06-12 13:32:00
VAV,SF952,CHS,CHS,2016-08-12 21:36:00,2016-08-12 23:00:00
WUT,AD985,JVL,GCC,2016-09-20 01:05:00,2016-09-20 01:05:00
VAV,UR502,JVL,AVL,2016-08-21 05:55:00,2016-08-21 05:55:00
POP,MN533,CHS,JVL,2016-08-29 06:08:00,2016-08-29 06:08:00
VAV,IG169,JVL,JVL,2016-09-08 02:34:00,2016-09-08 02:34:00
WUT,TD308,JVL,JVL,2016-09-22 00:55:00,2016-09-22 00:55:00
WUT,WV241,JVL,AVL,2016-07-16 23:03:00,2016-07-16 23:03:00
POP,YG967,AVL,AVL,2016-08-22 19:19:00,2016-08-22 19:19:00
DEF,BT706,CHS,WRE,2016-05-08 01:59:00,2016-05-08 01:59:00
WUT,UX290,AVL,JVL,2016-09-17 19:33:00,2016-09-17 21:11:00
WUT,HM271,JVL,AVL,2016-05-12 18:50:00,2016-05-12 18:50:00
WUT,MF463,JVL,CHS,2016-08-27 01:11:00,2016-08-27 01:11:00
WUT,ET499,CHS,CHS,2016-07-11 09:30:00,2016-07-11 09:30:00
WUT,IA288,JVL,JVL,2016-05-19 00:00:00,2016-05-19 00:00:00
POP,UB514,CHS,WRE,2016-05-13 01:08:00,2016-05-13 01:08:00
GHU,FR585,CHS,CHS,2016-07-07 11:36:00,2016-07-07 11:36:00
VAV,ZX537,GCC,JVL,2016-07-11 20:20:00,2016-07-11 20:47:00
POP,MA110,JVL,JVL,2016-05-02 05:10:00,2016-05-02 05:10:00
POP,KQ397,AVL,WYS,2016-05-10 20:04:00,2016-05-10 20:06:00
WUT,XB731,JVL,JVL,2016-07-22 20:46:00,2016-07-22 20:46:00
GHU,MJ726,JVL,CHS,2016-05-22 11:07:00,2016-05-22 11:07:00
DEF,FW346,FYV,JVL,2016-08-06 15:40:00,2016-08-06 15:40:00
POP,QV419,JVL,CHS,2016-08-06 23:16:00,2016-08-06 23:16:00
POP,XS873,JVL,AVL,2016-06-02 13:39:00,2016-06-02 13:39:00
WUT,UX345,JVL,JVL,2016-07-19 00:25:00,2016-07-19 00:25:00
WUT,AS622,JVL,AVL,2016-08-23 08:15:00,2016-08-23 08:15:00
POP,JR967,GCC,JVL,2016-08-17 00:47:00,2016-08-17 00:54:00
POP,IO422,CHS,JVL,2016-05-11 22:58:00,2016-05-11 23:50:00
POP,GJ209,JVL,JVL,2016-07-13 01:19:00,2016-07-13 02:55:00
GHU,NB575,CHS,JVL,2016-08-27 21:48:00,2016-08-27 21:48:00
GHU,OL077,CHS,JVL,2016-09-22 12:42:00,2016-09-22 12:42:00
POP,ET089,JVL,JVL,2016-06-30 05:02:00,2016-06-30 05:02:00
POP,ON393,JVL,AVL,2016-06-05 01:40:00,2016-06-05 01:40:00
WUT,YT297,JVL,JVL,2016-07-13 00:20:00,2016-07-13 01:25:00
VAV,AT594,JVL,WRE,2016-05-28 08:43:00,2016-05-28 10:17:00
WUT,XZ930,JVL,CHS,2016-05-03 05:07:00,2016-05-03 06:21:00
WUT,DR141,JVL,CHS,2016-08-21 12:24:00,2016-08-21 12:24:00
WUT,WQ854,AVL,JVL,2016-07-14 18:45:00,2016-07-14 18:45:00
WUT,LU003,AVL,CHS,2016-08-05 22:17:00,2016-08-05 23:50:00
VAV,GU786,CHS,DFW,2016-05-05 17:00:00,2016-05-05 17:00:00
WUT,EK281,CHS,JVL,2016-07-05 06:00:00,2016-07-05 06:00:00
VAV,TS538,JVL,AVL,2016-07-04 18:41:00,2016-07-04 20:09:00
WUT,OG116,JVL,JVL,2016-06-19 15:23:00,2016-06-19 15:23:00
VAV,DH238,JVL,CHS,2016-09-03 23:13:00,2016-09-03 23:13:00
WUT,CY724,JVL,CHS,2016-09-03 22:51:00,2016-09-03 22:51:00
WUT,YP841,AVL,CHS,2016-06-03 17:42:00,2016-06-03 17:42:00
WUT,BW454,CHS,CHS,2016-05-29 15:54:00,2016-05-29 17:07:00
GHU,FG646,WYS,CHS,2016-09-03 21:33:00,2016-09-03 21:33:00
WUT,DW264,JVL,CHS,2016-08-23 06:20:00,2016-08-23 06:20:00
POP,XC384,JVL,JVL,2016-09-18 00:11:00,2016-09-18 00:11:00
WUT,DQ848,CHS,JVL,2016-06-27 23:26:00,2016-06-27 23:30:00
GHU,LU828,JVL,CHS,2016-05-18 08:48:00,2016-05-18 08:48:00
VAV,XW478,CHS,CHS,2016-08-22 22:29:00,2016-08-22 22:29:00
DEF,AO088,JVL,JVL,2016-05-31 14:06:00,2016-05-31 14:06:00
WUT,TV830,AVL,JVL,2016-05-05 05:02:00,2016-05-05 05:02:00
WUT,EH749,JVL,JVL,2016-05-12 10:03:00,2016-05-12 10:03:00
WUT,JN667,WYS,CHS,2016-09-14 06:39:00,2016-09-14 06:39:00
WUT,TW585,AVL,JVL,2016-05-17 02:35:00,2016-05-17 02:35:00
ABC,MI671,JVL,JVL,2016-08-11 08:55:00,2016-08-11 08:55:00
ABC,BJ817,WRE,JVL,2016-09-25 20:58:00,2016-09-25 22:47:00
WUT,WX335,JVL,CHS,2016-07-17 14:13:00,2016-07-17 15:41:00
GHU,OG702,CHS,JVL,2016-05-05 16:31:00,2016-05-05 17:41:00
POP,FX220,WRE,CHS,2016-05-01 13:23:00,2016-05-01 13:23:00
VAV,KJ464,AVL,WRE,2016-07-11 20:32:00,2016-07-11 20:32:00
WUT,QM680,CHS,JVL,2016-06-04 08:19:00,2016-06-04 09:37:00
ABC,HR993,CHS,JVL,2016-07-06 12:26:00,2016-07-06 12:26:00
WUT,TC292,AVL,DFW,2016-05-26 09:04:00,2016-05-26 09:04:00
WUT,MK840,WYS,CHS,2016-05-27 16:40:00,2016-05-27 16:40:00
WUT,QN017,JVL,AVL,2016-06-10 01:13:00,2016-06-10 01:13:00
WUT,PT500,JVL,JVL,2016-09-14 13:34:00,2016-09-14 13:34:00
ABC,ZK729,CHS,CHS,2016-09-25 16:51:00,2016-09-25 16:51:00
DEF,VD527,AVL,JVL,2016-09-10 14:30:00,2016-09-10 14:30:00
GHU,GN246,CHS,AVL,2016-09-24 13:26:00,2016-09-24 13:26:00
ABC,NH409,CHS,CHS,2016-06-25 03:09:00,2016-06-25 03:09:00
WUT,UF699,JVL,AVL,2016-08-07 16:09:00,2016-08-07 16:09:00
WUT,DM737,JVL,JVL,2016-05-31 06:04:00,2016-05-31 06:04:00
WUT,OS086,JVL,WRE,2016-07-09 13:42:00,2016-07-09 14:52:00
POP,XR230,CHS,JVL,2016-05-14 23:10:00,2016-05-14 23:42:00
WUT,CN887,JVL,JVL,2016-08-10 21:35:00,2016-08-10 21:35:00
WUT,DY480,JVL,CHS,2016-09-01 08:02:00,2016-09-01 08:11:00
WUT,TQ612,CHS,JVL,2016-09-11 09:06:00,2016-09-11 09:06:00
WUT,DI110,JVL,CHS,2016-07-06 08:58:00,2016-07-06 08:58:00
WUT,IC611,JVL,JVL,2016-06-21 16:32:00,2016-06-21 16:32:00
WUT,PX734,JVL,WYS,2016-05-21 13:46:00,2016-05-21 14:51:00
VAV,MW390,CHS,JVL,2016-09-07 12:20:00,2016-09-07 12:20:00
VAV,IX971,WRE,AVL,2016-09-10 19:04:00,2016-09-10 19:04:00
VAV,YZ202,WRE,JVL,2016-05-01 08:38:00,2016-05-01 08:38:00
VAV,EX720,WRE,WRE,2016-05-19 19:12:00,2016-05-19 19:22:00
VAV,MQ042,JVL,AVL,2016-06-22 06:51:00,2016-06-22 06:51:00
WUT,KQ227,CHS,JVL,2016-06-24 23:50:00,2016-06-24 23:50:00
WUT,IP394,CHS,CHS,2016-05-17 01:48:00,2016-05-17 01:48:00
VAV,RV932,WYS,AVL,2016-05-08 17:43:00,2016-05-08 17:43:00
WUT,VU070,JVL,JVL,2016-09-01 19:54:00,2016-09-01 20:51:00
WUT,OY023,JVL,CHS,2016-08-20 12:21:00,2016-08-20 13:17:00
POP,DG101,JVL,CHS,2016-09-27 05:04:00,2016-09-27 05:04:00
POP,TE616,CHS,JVL,2016-05-10 16:52:00,2016-05-10 16:52:00
WUT,MV284,CHS,JVL,2016-08-08 00:33:00,2016-08-08 01:46:00
POP,QO778,JVL,WRE,2016-05-04 08:34:00,2016-05-04 08:34:00
VAV,NE716,JVL,CHS,2016-09-15 05:39:00,2016-09-15 07:23:00
WUT,BM014,JVL,CHS,2016-05-30 20:13:00,2016-05-30 20:38:00
WUT,AO118,WYS,CHS,2016-09-23 14:51:00,2016-09-23 14:51:00
ABC,AW688,JVL,AVL,2016-07-30 06:33:00,2016-07-30 08:20:00
WUT,EJ570,AVL,FYV,2016-07-05 18:40:00,2016-07-05 18:40:00
VAV,OM835,CHS,AVL,2016-06-07 12:16:00,2016-06-07 12:16:00
VAV,YT718,JVL,JVL,2016-08-06 11:59:00,2016-08-06 11:59:00
WUT,DL387,JVL,GCC,2016-05-20 21:15:00,2016-05-20 21:15:00
GHU,LW034,CHS,JVL,2016-09-11 10:28:00,2016-09-11 10:28:00
WUT,AS389,JVL,CHS,2016-05-28 22:36:00,2016-05-28 22:36:00
WUT,YF934,CHS,CHS,2016-09-11 11:16:00,2016-09-11 12:08:00
WUT,DF411,JVL,JVL,2016-07-15 21:07:00,2016-07-15 21:07:00
WUT,EO310,JVL,AVL,2016-08-19 06:09:00,2016-08-19 06:22:00
WUT,TJ567,CHS,WYS,2016-05-22 02:53:00,2016-05-22 02:59:00
WUT,AK867,JVL,WRE,2016-08-16 17:07:00,2016-08-16 17:07:00
POP,FW456,AVL,JVL,2016-09-27 11:09:00,2016-09-27 11:09:00
GHU,SZ084,JVL,WYS,2016-06-28 21:12:00,2016-06-28 21:12:00
WUT,QJ948,GCC,JVL,2016-08-06 00:42:00,2016-08-06 00:42:00
WUT,AO727,JVL,AVL,2016-06-15 19:37:00,2016-06-15 21:04:00
WUT,TS378,WRE,JVL,2016-07-30 23:36:00,2016-07-30 23:36:00
WUT,XI932,JVL,JVL,2016-09-08 14:13:00,2016-09-08 14:13:00
WUT,AN427,WYS,CHS,2016-09-24 10:04:00,2016-09-24 10:04:00
WUT,WQ442,JVL,AVL,2016-06-05 03:24:00,2016-06-05 03:24:00
WUT,YX292,JVL,JVL,2016-07-05 05:50:00,2016-07-05 05:50:00
VAV,BG405,JVL,JVL,2016-06-06 16:22:00,2016-06-06 17:31:00
WUT,CL414,AVL,AVL,2016-06-10 11:08:00,2016-06-10 11:08:00
WUT,YW142,CHS,AVL,2016-09-07 08:33:00,2016-09-07 08:33:00
WUT,ZE814,JVL,JVL,2016-05-09 22:22:00,2016-05-09 22:22:00
POP,GB719,JVL,JVL,2016-06-03 06:02:00,2016-06-03 06:02:00
POP,JL426,AVL,JVL,2016-08-21 03:39:00,2016-08-21 04:07:00
VAV,QF406,FYV,CHS,2016-07-24 20:37:00,2016-07-24 20:37:00
ABC,NL764,JVL,GCC,2016-06-05 21:44:00,2016-06-05 21:44:00
DEF,WF460,JVL,CHS,2016-09-28 02:29:00,2016-09-28 02:29:00
POP,TQ558,JVL,CHS,2016-05-25 14:08:00,2016-05-25 15:35:00
WUT,JG997,JVL,JVL,2016-05-08 05:21:00,2016-05-08 05:56:00
POP,ZS576,GCC,WYS,2016-05-01 22:34:00,2016-05-01 22:34:00
VAV,CS633,AVL,CHS,2016-09-25 21:16:00,2016-09-25 21:16:00
WUT,AP563,WRE,JVL,2016-09-25 05:54:00,2016-09-25 07:39:00
VAV,SM751,JVL,JVL,2016-07-22 17:43:00,2016-07-22 17:43:00
WUT,QO728,JVL,CHS,2016-07-04 00:20:00,2016-07-04 00:20:00
POP,DW212,CHS,JVL,2016-09-25 18:34:00,2016-09-25 18:34:00
WUT,HN527,JVL,CHS,2016-08-22 09:33:00,2016-08-22 11:14:00
POP,XW453,JVL,JVL,2016-07-03 23:57:00,2016-07-03 23:57:00
WUT,SE972,CHS,AVL,2016-07-05 01:25:00,2016-07-05 01:25:00
POP,HP171,JVL,CHS,2016-06-25 08:59:00,2016-06-25 08:59:00
WUT,HY052,AVL,CHS,2016-07-13 13:32:00,2016-07-13 13:32:00
WUT,EC235,CHS,JVL,2016-09-22 07:33:00,2016-09-22 07:33:00
WUT,IH601,JVL,CHS,2016-09-19 23:33:00,2016-09-19 23:33:00
WUT,CY664,CHS,WYS,2016-05-15 12:31:00,2016-05-15 14:07:00
POP,RZ413,SBP,JVL,2016-05-15 15:39:00,2016-05-15 15:39:00
VAV,QG010,AVL,WRE,2016-07-29 10:08:00,2016-07-29 10:08:00
POP,OD277,JVL,JVL,2016-06-03 16:55:00,2016-06-03 18:49:00
GHU,EO737,CHS,JVL,2016-06-24 05:35:00,2016-06-24 05:35:00
POP,NJ393,JVL,FYV,2016-05-26 10:16:00,2016-05-26 10:16:00
WUT,XN037,AVL,JVL,2016-08-04 01:20:00,2016-08-04 01:23:00
VAV,PD866,JVL,JVL,2016-08-11 01:25:00,2016-08-11 01:25:00
ABC,MI468,JVL,JVL,2016-08-19 21:41:00,2016-08-19 21:41:00
POP,VQ531,GCC,WRE,2016-09-06 04:24:00,2016-09-06 04:24:00
WUT,NC544,JVL,CHS,2016-05-17 07:19:00,2016-05-17 07:19:00
VAV,IH396,CHS,CHS,2016-08-18 07:25:00,2016-08-18 07:25:00
POP,BI678,WYS,JVL,2016-09-23 20:51:00,2016-09-23 22:32:00
ABC,JO246,WRE,CHS,2016-08-24 11:07:00,2016-08-24 11:43:00
POP,XZ605,CHS,AVL,2016-08-04 08:55:00,2016-08-04 08:55:00
WUT,CD098,CHS,JVL,2016-07-17 03:49:00,2016-07-17 03:49:00
GHU,WK277,JVL,CHS,2016-06-16 01:09:00,2016-06-16 03:00:00
WUT,XB257,CHS,JVL,2016-08-18 19:52:00,2016-08-18 19:52:00
POP,LD734,AVL,JVL,2016-09-07 11:30:00,2016-09-07 11:30:00
WUT,WH566,CHS,JVL,2016-07-03 16:23:00,2016-07-03 16:23:00
WUT,FV089,JVL,CHS,2016-07-18 04:21:00,2016-07-18 04:21:00
WUT,KI606,AVL,JVL,2016-06-24 22:49:00,2016-06-24 23:42:00
VAV,DN904,JVL,CHS,2016-09-17 03:48:00,2016-09-17 03:48:00
POP,CF870,JVL,JVL,2016-09-19 12:47:00,2016-09-19 12:47:00
POP,FN514,CHS,JVL,2016-08-14 18:18:00,2016-08-14 18:18:00
WUT,GU791,JVL,CHS,2016-08-24 21:10:00,2016-08-24 21:10:00
WUT,WT004,FYV,JVL,2016-06-28 11:15:00,2016-06-28 12:57:00
GHU,YM352,JVL,JVL,2016-09-17 01:03:00,2016-09-17 02:03:00
VAV,NQ677,JVL,JVL,2016-08-27 15:35:00,2016-08-27 16:19:00
WUT,KZ140,JVL,JVL,2016-08-26 10:49:00,2016-08-26 11:36:00
GHU,JA169,JVL,JVL,2016-09-02 06:22:00,2016-09-02 07:00:00
WUT,FY676,AVL,WRE,2016-05-08 20:10:00,2016-05-08 20:10:00
WUT,MI442,AVL,CHS,2016-08-25 17:13:00,2016-08-25 17:32:00
POP,ZJ889,CHS,CHS,2016-06-25 07:40:00,2016-06-25 07:40:00
WUT,CP706,JVL,JVL,2016-06-03 01:07:00,2016-06-03 01:07:00
WUT,CY094,AVL,JVL,2016-09-13 02:34:00,2016-09-13 02:34:00
POP,BP505,JVL,AVL,2016-05-17 02:49:00,2016-05-17 02:49:00
POP,WY813,JVL,CHS,2016-07-08 22:14:00,2016-07-08 22:14:00
WUT,MD068,JVL,AVL,2016-06-08 01:25:00,2016-06-08 01:25:00
POP,DN883,CHS,CHS,2016-06-23 15:10:00,2016-06-23 15:10:00
POP,QA066,JVL,CHS,2016-08-14 19:09:00,2016-08-14 19:09:00
POP,HJ357,WYS,JVL,2016-07-15 04:41:00,2016-07-15 05:40:00
POP,XM219,CHS,JVL,2016-08-23 17:12:00,2016-08-23 17:12:00
WUT,GK846,JVL,JVL,2016-06-19 20:31:00,2016-06-19 20:31:00
WUT,NE244,JVL,JVL,2016-09-05 07:56:00,2016-09-05 07:56:00
WUT,IT369,JVL,JVL,2016-08-22 02:06:00,2016-08-22 02:06:00
WUT,FN303,CHS,CHS,2016-09-17 21:31:00,2016-09-17 21:31:00
WUT,PH025,JVL,JVL,2016-06-27 13:40:00,2016-06-27 13:40:00
WUT,DA783,JVL,AVL,2016-07-23 01:22:00,2016-07-23 01:22:00
POP,RZ632,JVL,JVL,2016-08-03 05:32:00,2016-08-03 05:45:00
WUT,UZ384,WRE,JVL,2016-05-07 07:22:00,2016-05-07 07:22:00
POP,YF385,WRE,JVL,2016-05-07 05:14:00,2016-05-07 05:14:00
DEF,YL666,JVL,AVL,2016-08-13 19:04:00,2016-08-13 19:04:00
POP,VK192,JVL,JVL,2016-06-05 05:22:00,2016-06-05 05:22:00
WUT,FQ455,GNV,WRE,2016-06-03 07:56:00,2016-06-03 07:56:00
WUT,SP663,CHS,JVL,2016-08-05 10:41:00,2016-08-05 10:43:00
WUT,YE048,AVL,JVL,2016-05-25 15:35:00,2016-05-25 15:35:00
WUT,AL645,JVL,WYS,2016-08-10 17:04:00,2016-08-10 19:00:00
POP,HA102,AVL,JVL,2016-06-19 19:42:00,2016-06-19 20:46:00
POP,YA699,JVL,JVL,2016-09-21 20:51:00,2016-09-21 20:51:00
WUT,QK038,CHS,AVL,2016-07-01 19:44:00,2016-07-01 19:44:00
WUT,VO533,JVL,CHS,2016-05-11 13:44:00,2016-05-11 15:14:00
VAV,PB010,CHS,AVL,2016-09-08 15:22:00,2016-09-08 15:22:00
WUT,FN486,JVL,CHS,2016-07-31 12:45:00,2016-07-31 13:43:00
WUT,NJ737,JVL,JVL,2016-05-02 15:27:00,2016-05-02 15:27:00
WUT,FZ011,JVL,CHS,2016-06-02 21:19:00,2016-06-02 21:19:00
POP,JE338,JVL,JVL,2016-07-02 02:03:00,2016-07-02 02:03:00
WUT,JI478,JVL,JVL,2016-05-27 01:36:00,2016-05-27 01:36:00
WUT,AO079,JVL,JVL,2016-06-07 03:37:00,2016-06-07 03:37:00
GHU,NM381,JVL,JVL,2016-05-22 05:46:00,2016-05-22 05:46:00
POP,OW379,CHS,CHS,2016-08-29 04:30:00,2016-08-29 04:30:00
WUT,WR353,AVL,JVL,2016-08-16 04:46:00,2016-08-16 04:46:00
POP,CH077,JVL,CHS,2016-06-29 22:03:00,2016-06-29 22:03:00
POP,HW073,CHS,AVL,2016-07-13 20:53:00,2016-07-13 20:53:00
POP,OD185,AVL,JVL,2016-05-09 05:01:00,2016-05-09 05:01:00
WUT,VO357,JVL,JVL,2016-07-22 02:22:00,2016-07-22 02:22:00
POP,QG536,JVL,WYS,2016-09-08 20:14:00,2016-09-08 20:14:00
WUT,JD759,JVL,CHS,2016-05-25 23:21:00,2016-05-25 23:21:00
DEF,AL973,FYV,JVL,2016-05-06 00:51:00,2016-05-06 00:51:00
WUT,ZJ632,CHS,WYS,2016-07-05 18:03:00,2016-07-05 18:03:00
VAV,KJ552,AVL,AVL,2016-06-14 20:06:00,2016-06-14 20:06:00
WUT,ZV132,AVL,JVL,2016-07-10 09:51:00,2016-07-10 09:51:00
WUT,JA589,JVL,CHS,2016-06-06 20:08:00,2016-06-06 21:01:00
VAV,NG708,CHS,AVL,2016-08-28 20:26:00,2016-08-28 20:26:00
POP,FS078,FSM,JVL,2016-08-18 14:01:00,2016-08-18 14:01:00
WUT,UJ743,JVL,JVL,2016-07-30 18:59:00,2016-07-30 18:59:00
WUT,GA896,CHS,CHS,2016-07-20 06:26:00,2016-07-20 06:26:00
POP,NK237,CHS,CHS,2016-05-25 04:44:00,2016-05-25 04:44:00
DEF,OG577,JVL,JVL,2016-06-25 21:02:00,2016-06-25 21:44:00
WUT,BL804,JVL,CHS,2016-07-20 09:35:00,2016-07-20 10:16:00
WUT,SZ840,CHS,JVL,2016-06-14 09:36:00,2016-06-14 09:36:00
GHU,DW147,JVL,JVL,2016-05-12 18:32:00,2016-05-12 18:32:00
POP,FE280,JVL,JVL,2016-09-12 10:52:00,2016-09-12 10:52:00
WUT,UL894,CHS,WRE,2016-08-29 09:17:00,2016-08-29 09:17:00
WUT,DB672,CHS,JVL,2016-06-22 21:30:00,2016-06-22 22:41:00
GHU,RV167,JVL,JVL,2016-07-27 07:29:00,2016-07-27 07:29:00
WUT,QA214,CHS,WRE,2016-09-15 10:18:00,2016-09-15 11:52:00
WUT,XI094,AVL,WYS,2016-06-30 01:48:00,2016-06-30 01:48:00
WUT,KO543,JVL,JVL,2016-06-12 03:23:00,2016-06-12 03:23:00
POP,MY869,JVL,JVL,2016-08-18 07:01:00,2016-08-18 07:02:00
VAV,PF437,AVL,JVL,2016-09-07 12:28:00,2016-09-07 12:28:00
WUT,DA966,CHS,JVL,2016-09-13 15:46:00,2016-09-13 16:07:00
WUT,KQ365,JVL,CHS,2016-05-14 03:07:00,2016-05-14 03:07:00
DEF,QU599,JVL,GNV,2016-05-09 12:21:00,2016-05-09 12:21:00
WUT,CF887,CHS,CHS,2016-05-15 04:46:00,2016-05-15 04:46:00
WUT,IN013,JVL,JVL,2016-07-24 12:38:00,2016-07-24 12:38:00
WUT,XN651,WYS,AVL,2016-08-08 23:17:00,2016-08-08 23:17:00
POP,CX939,CHS,CHS,2016-08-06 12:02:00,2016-08-06 12:02:00
WUT,OS843,JVL,JVL,2016-06-20 00:01:00,2016-06-20 01:30:00
ABC,ZW754,AVL,CHS,2016-05-21 04:05:00,2016-05-21 04:05:00
POP,JG012,CHS,JVL,2016-06-04 12:36:00,2016-06-04 13:30:00
VAV,UC227,JVL,AVL,2016-09-10 05:10:00,2016-09-10 05:10:00
POP,ZV197,AVL,JVL,2016-05-06 19:13:00,2016-05-06 19:13:00
WUT,UQ875,CHS,JVL,2016-08-06 11:35:00,2016-08-06 13:28:00
WUT,NI752,JVL,CHS,2016-07-24 12:09:00,2016-07-24 13:27:00
WUT,WD483,JVL,AVL,2016-06-20 04:27:00,2016-06-20 04:27:00
WUT,RS371,CHS,CHS,2016-06-06 12:11:00,2016-06-06 12:43:00
POP,RI346,CHS,AVL,2016-09-02 06:31:00,2016-09-02 06:31:00
POP,AD295,JVL,JVL,2016-06-30 01:36:00,2016-06-30 01:36:00
WUT,BS341,AVL,WRE,2016-09-19 14:31:00,2016-09-19 14:31:00
POP,GD626,CHS,JVL,2016-05-10 07:28:00,2016-05-10 07:28:00
WUT,NS884,JVL,JVL,2016-06-10 09:57:00,2016-06-10 09:57:00
WUT,WP858,JVL,JVL,2016-06-04 03:53:00,2016-06-04 03:53:00
POP,TE660,CHS,CHS,2016-06-04 19:29:00,2016-06-04 19:29:00
POP,HX082,JVL,JVL,2016-07-16 15:19:00,2016-07-16 15:23:00
POP,NI927,WRE,AVL,2016-06-06 07:30:00,2016-06-06 07:30:00
WUT,XU644,CHS,AVL,2016-07-31 20:34:00,2016-07-31 20:57:00
WUT,YT165,JVL,CHS,2016-05-25 01:07:00,2016-05-25 01:07:00
WUT,AJ029,GCC,AVL,2016-08-13 11:36:00,2016-08-13 12:55:00
WUT,RN377,JVL,JVL,2016-08-19 09:26:00,2016-08-19 09:26:00
VAV,GO684,JVL,JVL,2016-07-12 09:49:00,2016-07-12 09:49:00
WUT,YW060,CHS,CHS,2016-07-11 08:07:00,2016-07-11 08:07:00
WUT,WH287,CHS,JVL,2016-07-24 09:39:00,2016-07-24 10:18:00
WUT,RQ474,JVL,JVL,2016-05-27 12:33:00,2016-05-27 13:26:00
WUT,IS772,JVL,AHN,2016-05-11 03:42:00,2016-05-11 04:48:00
WUT,BU414,WYS,CHS,2016-09-10 20:02:00,2016-09-10 20:02:00
VAV,IW193,JVL,JVL,2016-09-28 16:13:00,2016-09-28 16:13:00
WUT,IE458,AVL,WRE,2016-05-03 04:02:00,2016-05-03 04:02:00
WUT,BC460,JVL,AVL,2016-07-12 19:35:00,2016-07-12 19:35:00
GHU,KE612,CHS,JVL,2016-07-26 05:33:00,2016-07-26 05:33:00
POP,WU313,JVL,CHS,2016-06-20 00:32:00,2016-06-20 00:32:00
WUT,EX210,JVL,GCC,2016-08-25 05:59:00,2016-08-25 06:48:00
WUT,AS244,CHS,JVL,2016-08-29 16:24:00,2016-08-29 16:24:00
DEF,DT749,CHS,CHS,2016-06-19 14:12:00,2016-06-19 14:12:00
WUT,PH248,AVL,JVL,2016-07-23 07:58:00,2016-07-23 07:58:00
ABC,NY731,JVL,JVL,2016-06-08 07:08:00,2016-06-08 07:08:00
VAV,GE048,GCC,JVL,2016-06-14 12:12:00,2016-06-14 13:29:00
POP,DF466,JVL,AVL,2016-09-07 11:37:00,2016-09-07 11:37:00
VAV,RW290,JVL,CHS,2016-06-07 00:46:00,2016-06-07 00:58:00
POP,ZQ926,WRE,JVL,2016-05-21 12:09:00,2016-05-21 12:09:00
POP,KB490,JVL,JVL,2016-05-09 00:53:00,2016-05-09 00:53:00
WUT,SO907,CHS,WYS,2016-09-24 02:59:00,2016-09-24 02:59:00
WUT,ME336,AHN,CHS,2016-06-28 07:47:00,2016-06-28 07:47:00
VAV,KW290,CHS,JVL,2016-07-14 20:09:00,2016-07-14 20:09:00
VAV,HW231,WYS,CHS,2016-05-22 20:40:00,2016-05-22 20:40:00
WUT,WK793,CHS,JVL,2016-07-07 13:30:00,2016-07-07 13:30:00
WUT,AS318,JVL,AVL,2016-07-29 07:10:00,2016-07-29 07:10:00
POP,ER766,JVL,JVL,2016-06-22 11:29:00,2016-06-22 11:29:00
WUT,WU070,WRE,JVL,2016-05-26 01:40:00,2016-05-26 01:40:00
POP,VI973,AVL,AVL,2016-08-15 14:15:00,2016-08-15 14:15:00
WUT,LC789,JVL,CHS,2016-05-07 12:11:00,2016-05-07 13:43:00
POP,FL433,JVL,CHS,2016-06-08 02:37:00,2016-06-08 02:37:00
ABC,IZ900,WRE,JVL,2016-08-13 18:24:00,2016-08-13 19:56:00
GHU,JU433,JVL,JVL,2016-05-14 17:39:00,2016-05-14 17:39:00
GHU,DZ619,CHS,JVL,2016-05-02 14:12:00,2016-05-02 14:12:00
VAV,WF316,AVL,JVL,2016-09-01 01:57:00,2016-09-01 02:20:00
ABC,RO380,JVL,WRE,2016-05-10 14:44:00,2016-05-10 16:04:00
WUT,KQ152,CHS,AVL,2016-08-05 05:05:00,2016-08-05 05:05:00
POP,QW633,JVL,JVL,2016-06-05 06:46:00,2016-06-05 07:10:00
VAV,ET232,WRE,JVL,2016-07-05 03:07:00,2016-07-05 03:07:00
VAV,TN083,CHS,CHS,2016-09-20 17:46:00,2016-09-20 17:46:00
POP,CY362,JVL,CHS,2016-05-28 23:05:00,2016-05-28 23:05:00
WUT,DO275,JVL,JVL,2016-06-09 11:52:00,2016-06-09 11:52:00
WUT,IW909,JVL,JVL,2016-08-25 03:27:00,2016-08-25 03:27:00
VAV,BJ746,CHS,JVL,2016-05-13 23:11:00,2016-05-13 23:11:00
WUT,SU694,JVL,CHS,2016-06-14 13:13:00,2016-06-14 13:13:00
WUT,DI087,GCC,WRE,2016-06-18 00:56:00,2016-06-18 00:56:00
POP,US804,WRE,JVL,2016-06-14 14:53:00,2016-06-14 14:53:00
WUT,ZR491,JVL,WRE,2016-09-20 05:48:00,2016-09-20 05:48:00
WUT,CM717,GCC,AVL,2016-08-07 06:19:00,2016-08-07 06:19:00
WUT,CJ353,WYS,JVL,2016-05-02 18:14:00,2016-05-02 18:14:00
POP,LO185,GCC,CHS,2016-09-11 04:11:00,2016-09-11 05:12:00
WUT,YG854,JVL,CHS,2016-08-31 02:14:00,2016-08-31 02:14:00
VAV,VM954,AVL,GCC,2016-07-27 17:02:00,2016-07-27 19:00:00
WUT,LT468,AVL,JVL,2016-06-30 18:48:00,2016-06-30 18:48:00
ABC,HF184,GCC,AVL,2016-09-02 02:28:00,2016-09-02 02:28:00
WUT,AB441,JVL,JVL,2016-08-31 23:22:00,2016-08-31 23:50:00
WUT,UD206,JVL,JVL,2016-09-21 09:21:00,2016-09-21 09:21:00
WUT,IJ944,JVL,JVL,2016-06-08 09:41:00,2016-06-08 09:41:00
WUT,RG942,AVL,CHS,2016-08-21 20:46:00,2016-08-21 21:18:00
VAV,JN340,JVL,AVL,2016-06-27 21:22:00,2016-06-27 23:00:00
VAV,RZ141,WYS,AVL,2016-08-11 15:22:00,2016-08-11 15:22:00
GHU,MF037,JVL,CHS,2016-07-27 04:57:00,2016-07-27 04:57:00
POP,VD480,AVL,JVL,2016-07-12 05:45:00,2016-07-12 05:56:00
WUT,KG902,JVL,JVL,2016-05-27 01:43:00,2016-05-27 01:43:00
POP,SG051,JVL,AVL,2016-08-30 00:06:00,2016-08-30 00:13:00
POP,WS019,AVL,AVL,2016-07-11 05:11:00,2016-07-11 05:11:00
POP,MG778,JVL,CHS,2016-05-11 21:54:00,2016-05-11 21:54:00
POP,HS552,JVL,JVL,2016-07-14 07:17:00,2016-07-14 07:17:00
WUT,KX720,CHS,AVL,2016-07-04 01:32:00,2016-07-04 01:32:00
POP,QF610,JVL,JVL,2016-08-14 12:15:00,2016-08-14 12:15:00
WUT,DC701,AVL,CHS,2016-09-27 18:40:00,2016-09-27 18:40:00
WUT,PZ884,JVL,JVL,2016-07-19 01:10:00,2016-07-19 01:10:00
VAV,EX392,WRE,JVL,2016-05-31 05:28:00,2016-05-31 05:28:00
GHU,XP402,JVL,AVL,2016-08-23 22:46:00,2016-08-23 22:46:00
WUT,NL824,CHS,CHS,2016-09-01 05:23:00,2016-09-01 05:38:00
WUT,SB965,CHS,JVL,2016-08-19 16:02:00,2016-08-19 16:02:00
GHU,QR346,JVL,JVL,2016-07-30 04:10:00,2016-07-30 04:10:00
WUT,CQ228,CHS,JVL,2016-06-20 11:20:00,2016-06-20 11:20:00
POP,YE541,JVL,JVL,2016-08-25 06:57:00,2016-08-25 06:57:00
WUT,UK571,JVL,JVL,2016-07-20 10:46:00,2016-07-20 10:46:00
WUT,YL520,JVL,AVL,2016-06-24 07:51:00,2016-06-24 07:51:00
WUT,ZX578,AVL,JVL,2016-05-15 07:28:00,2016-05-15 07:52:00
POP,UX644,CHS,JVL,2016-08-26 05:49:00,2016-08-26 05:49:00
WUT,US057,JVL,CHS,2016-06-27 11:35:00,2016-06-27 11:35:00
WUT,MS064,JVL,JVL,2016-06-14 21:37:00,2016-06-14 21:37:00
WUT,KG134,JVL,JVL,2016-05-19 14:54:00,2016-05-19 15:36:00
POP,ZW431,JVL,JVL,2016-09-10 19:18:00,2016-09-10 20:47:00
POP,PE844,JVL,CHS,2016-09-04 03:04:00,2016-09-04 03:04:00
GHU,LH619,JVL,JVL,2016-06-10 15:45:00,2016-06-10 15:45:00
WUT,MW567,CHS,JVL,2016-05-05 08:56:00,2016-05-05 08:56:00
GHU,GV134,JVL,AVL,2016-06-01 19:52:00,2016-06-01 19:52:00
POP,ZA827,WRE,WRE,2016-06-16 11:19:00,2016-06-16 11:19:00
VAV,XS300,JVL,JVL,2016-08-12 04:28:00,2016-08-12 04:28:00
WUT,QG566,JVL,AVL,2016-07-21 03:39:00,2016-07-21 03:39:00
WUT,NT999,CHS,JVL,2016-05-19 03:58:00,2016-05-19 03:58:00
POP,KS241,AVL,JVL,2016-08-15 08:07:00,2016-08-15 09:50:00
WUT,RT051,CHS,GCC,2016-08-23 19:53:00,2016-08-23 19:53:00
POP,ZT104,JVL,JVL,2016-07-02 05:03:00,2016-07-02 05:03:00
WUT,AY974,CHS,CHS,2016-06-13 09:37:00,2016-06-13 09:37:00
WUT,AD273,JVL,JVL,2016-06-04 07:30:00,2016-06-04 07:30:00
WUT,VL721,JVL,JVL,2016-09-16 19:44:00,2016-09-16 19:44:00
POP,YA239,JVL,JVL,2016-07-14 16:21:00,2016-07-14 16:21:00
VAV,BY111,JVL,JVL,2016-09-07 04:00:00,2016-09-07 04:00:00
WUT,BN607,JVL,JVL,2016-06-22 17:19:00,2016-06-22 17:26:00
VAV,ZK735,JVL,CHS,2016-06-15 07:09:00,2016-06-15 07:09:00
POP,OT241,JVL,JVL,2016-05-10 11:12:00,2016-05-10 11:12:00
WUT,ZF727,JVL,AVL,2016-09-26 16:43:00,2016-09-26 16:55:00
POP,PU081,JVL,CHS,2016-05-11 15:44:00,2016-05-11 15:44:00
GHU,QX453,AVL,JVL,2016-08-18 14:07:00,2016-08-18 14:07:00
WUT,GF974,CHS,AVL,2016-07-12 04:49:00,2016-07-12 05:43:00
WUT,DG532,JVL,JVL,2016-06-21 06:10:00,2016-06-21 06:10:00
ABC,NF101,CHS,CHS,2016-07-05 18:18:00,2016-07-05 20:15:00
WUT,WS369,CHS,AVL,2016-05-06 18:59:00,2016-05-06 18:59:00
WUT,HE836,JVL,FYV,2016-07-22 12:34:00,2016-07-22 12:34:00
WUT,ZS554,CHS,JVL,2016-08-08 21:03:00,2016-08-08 21:03:00
POP,SV215,JVL,JVL,2016-07-29 22:24:00,2016-07-29 22:24:00
POP,YU674,JVL,JVL,2016-05-01 00:42:00,2016-05-01 00:42:00
POP,TQ089,CHS,JVL,2016-08-05 00:30:00,2016-08-05 02:19:00
GHU,MA284,JVL,WYS,2016-09-06 16:41:00,2016-09-06 16:41:00
WUT,OA344,JVL,CHS,2016-08-21 01:05:00,2016-08-21 01:05:00
WUT,EK688,CHS,CHS,2016-05-30 03:30:00,2016-05-30 03:30:00
WUT,YA641,JVL,JVL,2016-05-03 11:09:00,2016-05-03 11:09:00
WUT,LP692,JVL,WRE,2016-05-30 14:55:00,2016-05-30 14:55:00
WUT,AP579,CHS,CHS,2016-07-09 11:02:00,2016-07-09 11:02:00
GHU,DT972,CHS,CHS,2016-08-07 08:03:00,2016-08-07 08:17:00
WUT,RQ536,CHS,JVL,2016-06-20 09:20:00,2016-06-20 09:20:00
WUT,OH623,WYS,JVL,2016-08-30 13:37:00,2016-08-30 13:37:00
POP,FQ644,CHS,AVL,2016-06-01 04:20:00,2016-06-01 04:20:00
POP,VJ179,JVL,CHS,2016-06-04 01:21:00,2016-06-04 01:43:00
DEF,DQ652,CHS,CHS,2016-08-16 17:33:00,2016-08-16 18:28:00
POP,WL512,JVL,AVL,2016-06-12 02:05:00,2016-06-12 02:05:00
DEF,DY152,JVL,CHS,2016-06-21 14:06:00,2016-06-21 14:06:00
WUT,CG529,JVL,JVL,2016-06-28 11:18:00,2016-06-28 11:18:00
POP,DG373,JVL,JVL,2016-07-08 07:12:00,2016-07-08 07:12:00
WUT,UC824,JVL,CHS,2016-07-18 00:02:00,2016-07-18 00:02:00
GHU,VA784,JVL,JVL,2016-06-07 01:00:00,2016-06-07 01:20:00
POP,ZO754,JVL,CHS,2016-07-16 12:48:00,2016-07-16 13:46:00
WUT,IB092,CHS,CHS,2016-05-31 06:09:00,2016-05-31 06:09:00
WUT,JF404,CHS,CHS,2016-08-05 12:02:00,2016-08-05 12:02:00
WUT,FZ583,CHS,WYS,2016-07-07 06:10:00,2016-07-07 06:10:00
VAV,SI670,JVL,JVL,2016-09-05 04:49:00,2016-09-05 05:50:00
GHU,TN666,JVL,JVL,2016-06-13 07:46:00,2016-06-13 08:43:00
VAV,GE521,AVL,JVL,2016-05-23 22:49:00,2016-05-23 23:24:00
WUT,QL462,JVL,JVL,2016-09-17 04:41:00,2016-09-17 04:41:00
ABC,XE124,JVL,AVL,2016-07-15 20:06:00,2016-07-15 20:06:00
WUT,LJ944,GCC,JVL,2016-09-28 09:37:00,2016-09-28 09:37:00
POP,SE796,JVL,WRE,2016-08-04 02:04:00,2016-08-04 02:04:00
WUT,DL912,WYS,JVL,2016-09-18 08:33:00,2016-09-18 09:17:00
VAV,ML870,CHS,JVL,2016-07-18 08:08:00,2016-07-18 08:08:00
VAV,JR286,JVL,WYS,2016-06-22 23:34:00,2016-06-22 23:34:00
WUT,MN594,JVL,AVL,2016-06-29 07:04:00,2016-06-29 07:04:00
GHU,XE466,CHS,JVL,2016-05-10 09:37:00,2016-05-10 11:17:00
WUT,VR989,JVL,AVL,2016-05-08 23:13:00,2016-05-09 00:43:00
WUT,OD047,JVL,CHS,2016-08-11 05:02:00,2016-08-11 05:02:00
VAV,JS356,JVL,CHS,2016-07-10 08:34:00,2016-07-10 08:34:00
POP,ZP727,AVL,CHS,2016-07-31 07:46:00,2016-07-31 07:46:00
ABC,AN218,JVL,JVL,2016-05-17 23:56:00,2016-05-17 23:56:00
WUT,KH158,JVL,JVL,2016-05-07 01:05:00,2016-05-07 01:50:00
WUT,VD054,JVL,AVL,2016-06-18 08:02:00,2016-06-18 08:05:00
WUT,KL403,JVL,WYS,2016-06-01 19:13:00,2016-06-01 21:09:00
WUT,SW052,CHS,CHS,2016-07-15 19:19:00,2016-07-15 19:19:00
VAV,XM098,WYS,JVL,2016-06-29 14:18:00,2016-06-29 14:18:00
WUT,TH203,JVL,JVL,2016-06-08 05:46:00,2016-06-08 05:46:00
POP,EP739,JVL,JVL,2016-06-02 16:31:00,2016-06-02 16:31:00
VAV,IF438,JVL,CHS,2016-05-14 22:49:00,2016-05-15 00:21:00
POP,PW705,JVL,JVL,2016-05-15 01:03:00,2016-05-15 01:03:00
POP,NM765,JVL,JVL,2016-05-28 11:50:00,2016-05-28 12:54:00
VAV,SX904,CHS,JVL,2016-06-01 02:18:00,2016-06-01 02:18:00
POP,JK718,JVL,CHS,2016-06-07 18:28:00,2016-06-07 18:28:00
WUT,NJ723,FYV,WRE,2016-06-09 06:37:00,2016-06-09 06:53:00
WUT,CW829,JVL,CHS,2016-07-04 09:39:00,2016-07-04 10:37:00
POP,UW611,AVL,JVL,2016-05-31 17:14:00,2016-05-31 19:04:00
DEF,UF570,JVL,CHS,2016-07-05 11:49:00,2016-07-05 11:49:00
DEF,QY124,WRE,JVL,2016-05-13 14:16:00,2016-05-13 14:30:00
POP,RP322,JVL,JVL,2016-09-02 11:09:00,2016-09-02 11:09:00
WUT,DX884,CHS,JVL,2016-07-25 16:31:00,2016-07-25 16:31:00
VAV,LS590,JVL,AVL,2016-05-18 05:20:00,2016-05-18 05:20:00
WUT,DY230,JVL,CHS,2016-08-13 19:26:00,2016-08-13 19:26:00
POP,CT567,CHS,JVL,2016-09-28 16:11:00,2016-09-28 16:11:00
WUT,ZR002,JVL,JVL,2016-05-19 22:10:00,2016-05-19 22:10:00
VAV,HA329,JVL,WRE,2016-06-11 09:32:00,2016-06-11 09:32:00
WUT,OV922,CHS,JVL,2016-07-21 19:44:00,2016-07-21 19:44:00
POP,ID135,JVL,JVL,2016-06-28 03:59:00,2016-06-28 03:59:00
WUT,AS222,CHS,CHS,2016-06-06 15:44:00,2016-06-06 15:44:00
WUT,IY044,JVL,CHS,2016-05-27 04:42:00,2016-05-27 04:42:00
WUT,DS211,WYS,CHS,2016-09-03 12:28:00,2016-09-03 12:28:00
GHU,PB274,JVL,CHS,2016-07-31 10:06:00,2016-07-31 10:06:00
VAV,UN990,JVL,GCC,2016-09-21 23:37:00,2016-09-22 00:33:00
WUT,XV837,CHS,JVL,2016-06-30 19:32:00,2016-06-30 19:32:00
WUT,TZ845,JVL,WRE,2016-06-07 16:48:00,2016-06-07 16:48:00
WUT,SK855,GCC,JVL,2016-07-25 17:19:00,2016-07-25 17:19:00
VAV,MY633,JVL,CHS,2016-08-04 15:26:00,2016-08-04 15:26:00
ABC,RD884,CHS,JVL,2016-08-01 22:05:00,2016-08-01 22:05:00
POP,FU263,JVL,WRE,2016-09-03 17:04:00,2016-09-03 17:57:00
DEF,LF892,CHS,AVL,2016-06-29 10:47:00,2016-06-29 10:47:00
VAV,LA660,WRE,JVL,2016-08-23 07:32:00,2016-08-23 08:46:00
POP,JO972,JVL,JVL,2016-07-28 17:46:00,2016-07-28 17:46:00
WUT,NP422,AVL,JVL,2016-09-02 21:18:00,2016-09-02 21:18:00
WUT,IZ988,CHS,CHS,2016-05-02 06:58:00,2016-05-02 06:58:00
WUT,DK061,JVL,JVL,2016-09-02 20:11:00,2016-09-02 20:11:00
WUT,YP273,JVL,WRE,2016-09-27 04:41:00,2016-09-27 04:48:00
WUT,UT800,CHS,WRE,2016-08-02 17:59:00,2016-08-02 18:08:00
WUT,CD793,AVL,WRE,2016-07-23 16:59:00,2016-07-23 18:44:00
GHU,CG967,AVL,JVL,2016-08-23 18:53:00,2016-08-23 18:53:00
POP,YN747,JVL,CHS,2016-08-26 21:05:00,2016-08-26 21:05:00
GHU,VN221,JVL,JVL,2016-06-15 03:45:00,2016-06-15 03:45:00
ABC,LM192,WRE,CHS,2016-09-13 12:36:00,2016-09-13 14:19:00
POP,YL534,JVL,JVL,2016-08-12 09:33:00,2016-08-12 09:33:00
WUT,JX189,JVL,CHS,2016-09-14 07:11:00,2016-09-14 07:11:00
WUT,EA197,CHS,JVL,2016-06-09 21:52:00,2016-06-09 21:52:00
POP,VS832,JVL,JVL,2016-07-01 10:18:00,2016-07-01 10:18:00
WUT,ZI976,JVL,JVL,2016-09-07 03:16:00,2016-09-07 03:16:00
POP,BC372,JVL,WYS,2016-06-20 04:35:00,2016-06-20 06:05:00
POP,LA821,AVL,JVL,2016-08-09 11:27:00,2016-08-09 12:14:00
POP,JT804,WRE,CHS,2016-08-05 00:24:00,2016-08-05 01:24:00
POP,UA253,JVL,CHS,2016-08-15 01:48:00,2016-08-15 01:48:00
ABC,FR073,CHS,JVL,2016-08-04 17:55:00,2016-08-04 17:55:00
VAV,AT757,CHS,JVL,2016-07-19 22:10:00,2016-07-19 22:10:00
WUT,PE158,JVL,GCC,2016-06-22 12:56:00,2016-06-22 12:56:00
GHU,PF409,CHS,AVL,2016-08-27 20:30:00,2016-08-27 20:30:00
POP,LF910,AVL,JVL,2016-06-02 02:23:00,2016-06-02 02:23:00
POP,UQ000,FSM,CHS,2016-07-18 18:07:00,2016-07-18 19:03:00
WUT,NO121,JVL,AVL,2016-07-01 17:22:00,2016-07-01 17:22:00
VAV,KT898,CHS,CHS,2016-06-27 01:39:00,2016-06-27 01:39:00
WUT,GA461,JVL,JVL,2016-06-16 23:43:00,2016-06-16 23:43:00
VAV,WA518,CHS,JVL,2016-05-12 05:24:00,2016-05-12 05:24:00
VAV,YQ647,JVL,CHS,2016-07-31 21:13:00,2016-07-31 21:13:00
WUT,ZQ535,JVL,JVL,2016-09-15 09:03:00,2016-09-15 09:46:00
VAV,DL644,GCC,CHS,2016-09-25 14:35:00,2016-09-25 14:35:00
GHU,OM635,FYV,CHS,2016-09-06 23:44:00,2016-09-06 23:44:00
POP,WQ644,AVL,AVL,2016-05-31 12:08:00,2016-05-31 12:08:00
ABC,RI862,JVL,JVL,2016-09-28 09:24:00,2016-09-28 09:24:00
WUT,UG788,JVL,JVL,2016-05-24 20:33:00,2016-05-24 20:33:00
POP,SD963,AVL,WRE,2016-05-02 03:24:00,2016-05-02 03:24:00
POP,EO289,WRE,JVL,2016-08-11 05:28:00,2016-08-11 05:28:00
POP,YT195,CHS,JVL,2016-06-30 01:48:00,2016-06-30 01:48:00
WUT,IJ731,CHS,CHS,2016-07-30 04:54:00,2016-07-30 05:50:00
GHU,SK727,AVL,JVL,2016-07-19 01:00:00,2016-07-19 01:00:00
GHU,TZ295,JVL,JVL,2016-05-02 12:45:00,2016-05-02 12:45:00
VAV,PR900,CHS,JVL,2016-06-26 12:39:00,2016-06-26 14:13:00
POP,JY735,JVL,WYS,2016-06-29 02:09:00,2016-06-29 02:09:00
WUT,QP444,JVL,JVL,2016-08-30 02:30:00,2016-08-30 02:30:00
WUT,ZE049,JVL,WRE,2016-09-15 22:07:00,2016-09-15 22:07:00
POP,EX374,CHS,AVL,2016-08-20 04:14:00,2016-08-20 04:14:00
POP,ZB382,JVL,JVL,2016-06-22 10:55:00,2016-06-22 12:21:00
POP,EB292,CHS,CHS,2016-09-12 11:30:00,2016-09-12 11:30:00
POP,MZ093,JVL,AVL,2016-08-06 13:14:00,2016-08-06 13:14:00
WUT,SY313,JVL,CHS,2016-07-01 23:07:00,2016-07-01 23:07:00
POP,UN602,JVL,JVL,2016-07-02 13:55:00,2016-07-02 14:47:00
WUT,LI308,JVL,JVL,2016-09-20 15:42:00,2016-09-20 15:42:00
WUT,MY675,CHS,JVL,2016-05-15 21:15:00,2016-05-15 23:13:00
VAV,HR415,CHS,WRE,2016-07-13 18:39:00,2016-07-13 18:39:00
VAV,NT232,AVL,JVL,2016-09-18 03:23:00,2016-09-18 05:15:00
WUT,LS970,WRE,JVL,2016-09-16 21:31:00,2016-09-16 22:33:00
WUT,QU143,AVL,WRE,2016-06-07 02:30:00,2016-06-07 02:30:00
WUT,VX270,CHS,CHS,2016-09-13 00:58:00,2016-09-13 00:58:00
WUT,UZ751,AVL,JVL,2016-07-23 00:10:00,2016-07-23 00:10:00
WUT,DE985,WRE,JVL,2016-07-08 17:52:00,2016-07-08 17:52:00
WUT,QB689,AVL,CHS,2016-05-15 01:24:00,2016-05-15 01:24:00
WUT,BY814,JVL,AVL,2016-07-19 16:04:00,2016-07-19 16:05:00
WUT,YT469,WRE,AVL,2016-07-16 08:33:00,2016-07-16 08:33:00
ABC,GZ637,CHS,AVL,2016-08-24 06:58:00,2016-08-24 06:58:00
GHU,MA317,AVL,JVL,2016-09-03 13:38:00,2016-09-03 13:38:00
WUT,RP930,JVL,JVL,2016-07-13 05:13:00,2016-07-13 05:13:00
POP,WN322,WRE,JVL,2016-06-06 11:08:00,2016-06-06 12:34:00
GHU,CR750,WRE,CHS,2016-05-06 23:19:00,2016-05-06 23:19:00
WUT,JX330,CHS,AVL,2016-05-21 23:09:00,2016-05-21 23:09:00
POP,DO416,JVL,JVL,2016-07-27 08:46:00,2016-07-27 08:46:00
POP,IE443,JVL,JVL,2016-07-10 05:10:00,2016-07-10 07:09:00
WUT,QN081,WRE,CHS,2016-05-10 17:33:00,2016-05-10 17:41:00
POP,NA327,CHS,CHS,2016-07-20 12:54:00,2016-07-20 12:54:00
WUT,YV304,JVL,JVL,2016-09-06 05:45:00,2016-09-06 06:29:00
WUT,KG940,WRE,JVL,2016-09-08 20:41:00,2016-09-08 20:41:00
WUT,PW432,JVL,CHS,2016-08-07 19:45:00,2016-08-07 19:45:00
VAV,TB129,JVL,JVL,2016-05-09 06:48:00,2016-05-09 06:48:00
WUT,MO502,JVL,CHS,2016-08-01 00:10:00,2016-08-01 01:48:00
WUT,OF923,CHS,JVL,2016-07-26 04:18:00,2016-07-26 04:45:00
WUT,IP527,JVL,JVL,2016-08-30 06:06:00,2016-08-30 06:06:00
POP,YX033,JVL,JVL,2016-06-18 05:20:00,2016-06-18 05:20:00
VAV,XM109,WRE,CHS,2016-08-16 13:52:00,2016-08-16 14:21:00
WUT,OG038,JVL,JVL,2016-08-05 15:11:00,2016-08-05 15:47:00
VAV,KC011,GCC,JVL,2016-05-04 13:12:00,2016-05-04 14:57:00
WUT,VM917,CHS,JVL,2016-06-05 00:18:00,2016-06-05 01:51:00
WUT,HS323,CHS,JVL,2016-05-29 06:58:00,2016-05-29 06:58:00
POP,VA680,JVL,JVL,2016-06-26 20:31:00,2016-06-26 20:31:00
POP,IC099,CHS,JVL,2016-06-25 07:50:00,2016-06-25 07:50:00
WUT,EX894,JVL,JVL,2016-07-01 03:07:00,2016-07-01 03:07:00
WUT,WD031,JVL,JVL,2016-09-14 23:06:00,2016-09-14 23:06:00
WUT,LM272,JVL,JVL,2016-07-30 22:54:00,2016-07-30 22:54:00
WUT,YP855,AVL,AVL,2016-08-30 02:03:00,2016-08-30 02:03:00
POP,YS210,JVL,JVL,2016-07-17 09:58:00,2016-07-17 09:58:00
POP,XB725,JVL,JVL,2016-07-08 21:17:00,2016-07-08 21:17:00
WUT,GM623,WYS,WRE,2016-05-09 17:07:00,2016-05-09 17:07:00
WUT,OI422,JVL,JVL,2016-07-28 04:53:00,2016-07-28 04:53:00
WUT,DC614,CHS,AVL,2016-07-21 06:07:00,2016-07-21 06:32:00
WUT,TO817,JVL,JVL,2016-07-14 15:04:00,2016-07-14 15:04:00
DEF,IU754,JVL,JVL,2016-09-26 17:11:00,2016-09-26 17:11:00
GHU,YW607,AVL,CHS,2016-06-23 17:32:00,2016-06-23 17:32:00
GHU,IW817,JVL,JVL,2016-07-02 15:12:00,2016-07-02 15:12:00
VAV,NB756,CHS,CHS,2016-05-28 22:28:00,2016-05-28 22:28:00
POP,RU349,CHS,JVL,2016-06-03 08:21:00,2016-06-03 08:21:00
VAV,YH379,CHS,AVL,2016-06-30 14:21:00,2016-06-30 14:21:00
POP,YK182,WYS,JVL,2016-09-25 22:56:00,2016-09-25 22:56:00
WUT,IN606,JVL,AVL,2016-08-30 13:34:00,2016-08-30 13:34:00
WUT,US585,JVL,WRE,2016-09-23 07:09:00,2016-09-23 07:09:00
WUT,OP174,JVL,JVL,2016-08-10 08:03:00,2016-08-10 09:23:00
WUT,YX140,JVL,WRE,2016-07-21 11:54:00,2016-07-21 11:54:00
WUT,OD038,JVL,GCC,2016-08-15 05:13:00,2016-08-15 05:13:00
WUT,XH792,CHS,WYS,2016-05-28 16:27:00,2016-05-28 16:27:00
WUT,XH883,CHS,JVL,2016-09-29 12:13:00,2016-09-29 12:13:00
VAV,GO303,CHS,WRE,2016-09-03 14:04:00,2016-09-03 14:04:00
GHU,JT658,CHS,JVL,2016-09-20 22:50:00,2016-09-20 23:38:00
ABC,PU216,CHS,JVL,2016-06-11 19:28:00,2016-06-11 19:53:00
DEF,PL605,AVL,AVL,2016-08-19 01:37:00,2016-08-19 01:37:00
POP,IR495,CHS,CHS,2016-07-03 14:43:00,2016-07-03 15:18:00
WUT,XI984,CHS,WRE,2016-05-15 05:59:00,2016-05-15 06:19:00
WUT,SV925,JVL,CHS,2016-09-05 19:07:00,2016-09-05 19:07:00
WUT,PT280,GCC,JVL,2016-08-30 10:53:00,2016-08-30 10:53:00
WUT,NO689,CHS,AVL,2016-07-19 18:11:00,2016-07-19 18:11:00
WUT,LK083,WRE,CHS,2016-05-21 21:44:00,2016-05-21 21:44:00
POP,SI781,CHS,JVL,2016-09-10 11:19:00,2016-09-10 11:19:00
POP,ON199,JVL,AVL,2016-05-20 09:43:00,2016-05-20 10:13:00
WUT,WE422,JVL,CHS,2016-07-31 05:24:00,2016-07-31 05:24:00
GHU,UV479,AVL,JVL,2016-09-17 13:12:00,2016-09-17 13:12:00
WUT,MA239,JVL,AVL,2016-06-17 15:34:00,2016-06-17 15:34:00
WUT,PR806,JVL,WYS,2016-06-23 23:07:00,2016-06-23 23:07:00
WUT,HZ729,JVL,AHN,2016-05-05 02:42:00,2016-05-05 02:42:00
GHU,QU551,JVL,JVL,2016-07-31 13:01:00,2016-07-31 13:01:00
WUT,EJ741,FYV,AVL,2016-05-19 10:56:00,2016-05-19 10:56:00
POP,BT590,CHS,AVL,2016-08-04 10:00:00,2016-08-04 10:00:00
POP,IH178,JVL,AVL,2016-06-20 23:58:00,2016-06-21 00:00:00
VAV,GB131,JVL,AVL,2016-06-20 08:13:00,2016-06-20 09:21:00
VAV,WI898,WYS,AVL,2016-07-03 01:36:00,2016-07-03 01:36:00
POP,RN038,JVL,JVL,2016-09-22 07:09:00,2016-09-22 07:09:00
WUT,KX178,WRE,JVL,2016-08-19 15:59:00,2016-08-19 15:59:00
WUT,OX150,JVL,JVL,2016-08-23 09:31:00,2016-08-23 09:31:00
WUT,VC232,CHS,JVL,2016-08-05 05:57:00,2016-08-05 05:57:00
WUT,ZM253,AVL,JVL,2016-05-10 01:34:00,2016-05-10 01:34:00
POP,SK476,WRE,JVL,2016-08-04 23:16:00,2016-08-04 23:16:00
POP,DE597,CHS,AVL,2016-07-26 15:13:00,2016-07-26 15:13:00
WUT,MI904,JVL,JVL,2016-08-08 13:10:00,2016-08-08 13:10:00
WUT,LI539,JVL,JVL,2016-05-05 08:56:00,2016-05-05 08:56:00
WUT,CZ613,AVL,JVL,2016-05-06 00:06:00,2016-05-06 00:06:00
GHU,XQ121,CHS,JVL,2016-07-14 08:57:00,2016-07-14 08:57:00
WUT,UJ584,CHS,JVL,2016-08-03 15:32:00,2016-08-03 15:48:00
POP,KD773,JVL,JVL,2016-09-14 03:13:00,2016-09-14 03:13:00
WUT,BJ541,JVL,AVL,2016-05-18 17:15:00,2016-05-18 17:15:00
WUT,IC078,CHS,JVL,2016-08-16 01:06:00,2016-08-16 01:06:00
POP,NB834,CHS,AVL,2016-07-11 10:11:00,2016-07-11 10:11:00
VAV,YP222,AVL,JVL,2016-06-29 23:13:00,2016-06-29 23:13:00
VAV,CI089,JVL,AVL,2016-06-19 05:23:00,2016-06-19 05:23:00
VAV,IJ168,JVL,JVL,2016-07-04 20:06:00,2016-07-04 20:06:00
WUT,WY970,JVL,CHS,2016-08-15 12:55:00,2016-08-15 12:55:00
GHU,BJ249,JVL,JVL,2016-05-12 14:41:00,2016-05-12 14:41:00
VAV,CD937,CHS,JVL,2016-06-29 00:25:00,2016-06-29 02:17:00
VAV,NY345,AVL,JVL,2016-09-05 00:06:00,2016-09-05 00:06:00
WUT,AW178,CHS,CHS,2016-06-14 05:52:00,2016-06-14 05:52:00
WUT,LB065,JVL,CHS,2016-09-12 23:29:00,2016-09-12 23:29:00
POP,SC841,CHS,AVL,2016-07-16 04:45:00,2016-07-16 04:45:00
GHU,MG591,JVL,JVL,2016-08-15 01:48:00,2016-08-15 01:48:00
POP,SO840,JVL,AVL,2016-08-18 01:20:00,2016-08-18 01:20:00
WUT,AV911,JVL,CHS,2016-08-10 04:50:00,2016-08-10 04:50:00
WUT,ME958,AVL,JVL,2016-08-04 13:39:00,2016-08-04 13:39:00
WUT,IU913,JVL,CHS,2016-09-05 16:20:00,2016-09-05 16:20:00
WUT,VQ038,JVL,JVL,2016-08-05 14:36:00,2016-08-05 14:36:00
DEF,LT832,JVL,CHS,2016-07-19 01:30:00,2016-07-19 01:30:00
POP,ED335,AVL,JVL,2016-07-25 11:29:00,2016-07-25 11:29:00
WUT,ZK162,JVL,AVL,2016-05-15 12:13:00,2016-05-15 13:25:00
WUT,AL967,CHS,WRE,2016-09-09 06:33:00,2016-09-09 06:33:00
WUT,FL178,AVL,CHS,2016-05-01 08:36:00,2016-05-01 08:36:00
WUT,LR483,CHS,WYS,2016-06-12 10:54:00,2016-06-12 10:54:00
POP,QW629,WRE,JVL,2016-09-05 11:55:00,2016-09-05 12:27:00
WUT,HZ414,CHS,JVL,2016-09-16 21:22:00,2016-09-16 21:22:00
WUT,BT212,CHS,CHS,2016-05-15 13:17:00,2016-05-15 13:17:00
POP,BL140,WYS,JVL,2016-07-17 07:19:00,2016-07-17 08:15:00
WUT,SR123,JVL,AVL,2016-09-12 15:57:00,2016-09-12 15:57:00
ABC,RN288,GCC,JVL,2016-05-10 02:25:00,2016-05-10 02:25:00
POP,NY732,CHS,CHS,2016-06-30 10:21:00,2016-06-30 12:18:00
WUT,CV088,CHS,JVL,2016-05-24 12:34:00,2016-05-24 13:07:00
WUT,XT481,CHS,WYS,2016-06-11 09:12:00,2016-06-11 09:12:00
WUT,OT786,CHS,AVL,2016-05-30 06:34:00,2016-05-30 06:34:00
WUT,HA843,JVL,JVL,2016-07-17 19:40:00,2016-07-17 19:40:00
WUT,AP151,JVL,WRE,2016-07-06 02:40:00,2016-07-06 02:40:00
POP,LI301,JVL,WRE,2016-07-15 09:59:00,2016-07-15 09:59:00
POP,JO375,JVL,JVL,2016-06-18 23:43:00,2016-06-18 23:43:00
POP,CN708,JVL,WRE,2016-07-17 18:51:00,2016-07-17 18:51:00
WUT,YM804,CHS,CHS,2016-07-01 13:34:00,2016-07-01 14:57:00
ABC,DY964,JVL,AVL,2016-05-22 23:32:00,2016-05-22 23:32:00
POP,PF594,CHS,JVL,2016-06-10 06:49:00,2016-06-10 06:49:00
WUT,AG587,JVL,CHS,2016-07-09 20:23:00,2016-07-09 20:23:00
WUT,EN239,JVL,CHS,2016-09-13 03:37:00,2016-09-13 03:37:00
POP,QL500,JVL,JVL,2016-09-13 10:36:00,2016-09-13 10:36:00
WUT,DO129,JVL,JVL,2016-06-03 07:30:00,2016-06-03 07:30:00
WUT,RN206,JVL,JVL,2016-07-19 04:51:00,2016-07-19 04:51:00
WUT,YM783,CHS,JVL,2016-08-26 02:13:00,2016-08-26 03:34:00
VAV,OF536,WRE,JVL,2016-05-06 06:29:00,2016-05-06 06:29:00
POP,PN284,JVL,JVL,2016-06-11 15:52:00,2016-06-11 15:52:00
ABC,DY632,CHS,CHS,2016-08-12 22:44:00,2016-08-12 22:44:00
POP,WN655,CHS,JVL,2016-08-21 16:41:00,2016-08-21 16:41:00
WUT,FP645,WYS,JVL,2016-07-31 04:15:00,2016-07-31 05:34:00
GHU,XO843,AVL,JVL,2016-06-20 10:00:00,2016-06-20 11:38:00
WUT,FS620,JVL,JVL,2016-05-02 23:56:00,2016-05-03 00:15:00
WUT,HA976,CHS,JVL,2016-05-16 14:57:00,2016-05-16 14:57:00
WUT,PV811,WYS,JVL,2016-06-07 19:37:00,2016-06-07 19:37:00
GHU,GP587,JVL,JVL,2016-09-07 14:57:00,2016-09-07 14:57:00
POP,LC039,CHS,CHS,2016-07-03 12:40:00,2016-07-03 12:40:00
WUT,IW711,CHS,JVL,2016-05-26 08:10:00,2016-05-26 09:16:00
WUT,ES708,JVL,CHS,2016-07-19 12:07:00,2016-07-19 12:07:00
VAV,PT976,JVL,JVL,2016-08-24 03:52:00,2016-08-24 03:52:00
POP,PW243,CHS,CHS,2016-05-27 11:18:00,2016-05-27 11:18:00
POP,HG637,CHS,JVL,2016-06-05 12:39:00,2016-06-05 14:02:00
WUT,IR813,JVL,CHS,2016-07-23 05:38:00,2016-07-23 06:26:00
WUT,LJ304,CHS,AVL,2016-08-12 20:10:00,2016-08-12 20:10:00
WUT,HL672,CHS,AVL,2016-08-30 11:42:00,2016-08-30 12:52:00
WUT,TY588,CHS,JVL,2016-09-11 01:52:00,2016-09-11 01:52:00
GHU,DA188,CHS,JVL,2016-05-07 13:32:00,2016-05-07 13:32:00
WUT,AL197,JVL,CHS,2016-06-25 09:31:00,2016-06-25 09:31:00
WUT,LY278,CHS,FYV,2016-05-09 20:02:00,2016-05-09 20:40:00
POP,TR005,CHS,CHS,2016-07-22 06:14:00,2016-07-22 06:14:00
WUT,ZO074,AVL,JVL,2016-05-08 02:45:00,2016-05-08 02:45:00
WUT,VP777,JVL,CHS,2016-07-17 14:33:00,2016-07-17 14:33:00
WUT,JV292,JVL,AVL,2016-08-07 11:00:00,2016-08-07 11:00:00
WUT,UI324,JVL,JVL,2016-08-20 17:48:00,2016-08-20 17:48:00
POP,VX586,CHS,JVL,2016-08-12 02:00:00,2016-08-12 02:00:00
POP,FT032,JVL,CHS,2016-08-19 00:38:00,2016-08-19 01:41:00
POP,SZ256,WYS,JVL,2016-07-19 16:13:00,2016-07-19 16:13:00
VAV,HU716,CHS,CHS,2016-08-24 03:02:00,2016-08-24 04:12:00
WUT,LQ625,CHS,JVL,2016-05-19 02:26:00,2016-05-19 02:26:00
POP,IE196,AVL,CHS,2016-09-03 21:57:00,2016-09-03 22:01:00
WUT,YW173,CHS,JVL,2016-07-15 21:15:00,2016-07-15 21:15:00
POP,EK354,JVL,JVL,2016-08-17 22:28:00,2016-08-17 22:28:00
WUT,AI178,JVL,JVL,2016-07-06 13:08:00,2016-07-06 15:07:00
POP,ZV852,CHS,JVL,2016-07-01 13:06:00,2016-07-01 13:53:00
WUT,PH271,JVL,JVL,2016-09-23 03:18:00,2016-09-23 03:46:00
VAV,LY289,AVL,CHS,2016-08-19 05:52:00,2016-08-19 05:52:00
WUT,OT255,JVL,CHS,2016-06-28 23:07:00,2016-06-28 23:07:00
POP,EX465,JVL,AVL,2016-06-12 22:06:00,2016-06-12 22:06:00
WUT,SO898,DFW,JVL,2016-08-29 03:59:00,2016-08-29 03:59:00
WUT,SM440,CHS,JVL,2016-07-01 07:47:00,2016-07-01 07:47:00
VAV,HT382,JVL,WRE,2016-05-18 18:50:00,2016-05-18 18:50:00
WUT,TR743,JVL,CHS,2016-07-16 06:26:00,2016-07-16 06:26:00
WUT,QF474,CHS,JVL,2016-07-25 17:51:00,2016-07-25 17:51:00
WUT,UA921,CHS,JVL,2016-09-16 15:11:00,2016-09-16 15:11:00
WUT,HM713,JVL,JVL,2016-08-22 22:04:00,2016-08-22 22:53:00
DEF,PH306,AVL,JVL,2016-07-15 17:47:00,2016-07-15 17:47:00
WUT,SH274,JVL,JVL,2016-05-23 08:30:00,2016-05-23 08:30:00
WUT,VB270,CHS,JVL,2016-07-10 01:16:00,2016-07-10 01:16:00
WUT,VX014,JVL,CHS,2016-07-17 04:01:00,2016-07-17 04:01:00
GHU,EG781,JVL,WYS,2016-07-03 03:57:00,2016-07-03 03:57:00
WUT,CH183,AVL,WYS,2016-09-29 19:08:00,2016-09-29 19:34:00
WUT,EQ244,JVL,JVL,2016-07-02 07:42:00,2016-07-02 07:42:00
WUT,YE657,WYS,JVL,2016-06-26 19:04:00,2016-06-26 19:04:00
VAV,EU635,CHS,CHS,2016-06-04 11:20:00,2016-06-04 11:20:00
WUT,PG331,JVL,CHS,2016-08-27 08:49:00,2016-08-27 08:49:00
WUT,QF611,JVL,JVL,2016-08-02 17:19:00,2016-08-02 17:19:00
DEF,UP429,JVL,JVL,2016-08-30 18:58:00,2016-08-30 19:05:00
WUT,SP013,JVL,CHS,2016-09-15 10:00:00,2016-09-15 10:00:00
WUT,DN164,CHS,JVL,2016-07-11 21:57:00,2016-07-11 21:57:00
GHU,DR289,WYS,JVL,2016-07-11 08:57:00,2016-07-11 08:57:00
POP,YB488,JVL,WRE,2016-07-27 19:50:00,2016-07-27 21:47:00
VAV,UI624,JVL,JVL,2016-07-02 01:47:00,2016-07-02 02:38:00
WUT,YL559,AVL,CHS,2016-05-12 10:32:00,2016-05-12 10:32:00
GHU,DH507,JVL,CHS,2016-09-18 16:37:00,2016-09-18 16:37:00
WUT,KI643,JVL,CHS,2016-07-13 18:27:00,2016-07-13 18:27:00
WUT,SC677,AVL,CHS,2016-07-15 23:47:00,2016-07-15 23:47:00
POP,LD223,JVL,JVL,2016-08-13 12:48:00,2016-08-13 13:19:00
WUT,BO079,JVL,JVL,2016-06-06 19:24:00,2016-06-06 19:24:00
WUT,HV807,JVL,AVL,2016-07-14 19:48:00,2016-07-14 20:01:00
WUT,VE135,AVL,JVL,2016-05-31 09:40:00,2016-05-31 09:40:00
WUT,UJ682,JVL,JVL,2016-07-04 08:43:00,2016-07-04 08:43:00
WUT,KP940,JVL,AVL,2016-09-03 11:47:00,2016-09-03 11:47:00
POP,QT787,JVL,JVL,2016-05-10 10:08:00,2016-05-10 10:08:00
GHU,ZG207,JVL,JVL,2016-08-31 06:31:00,2016-08-31 06:31:00
VAV,WV619,CHS,CHS,2016-08-06 19:29:00,2016-08-06 20:58:00
WUT,VM740,JVL,AVL,2016-08-13 00:09:00,2016-08-13 00:50:00
WUT,JI718,JVL,WRE,2016-07-18 04:47:00,2016-07-18 04:47:00
VAV,OK413,JVL,JVL,2016-08-12 00:07:00,2016-08-12 00:07:00
VAV,MP890,JVL,JVL,2016-09-21 22:04:00,2016-09-21 22:04:00
WUT,SZ554,CHS,FYV,2016-09-07 00:50:00,2016-09-07 02:47:00
GHU,GZ258,CHS,JVL,2016-07-07 16:07:00,2016-07-07 16:07:00
WUT,VA980,CHS,CHS,2016-08-25 22:32:00,2016-08-25 22:32:00
WUT,IG603,CHS,JVL,2016-08-11 15:37:00,2016-08-11 15:37:00
POP,XK802,JVL,JVL,2016-08-27 00:07:00,2016-08-27 00:07:00
WUT,BS045,CHS,AVL,2016-06-16 13:46:00,2016-06-16 13:46:00
WUT,EU419,CHS,JVL,2016-08-09 06:34:00,2016-08-09 06:34:00
POP,HX874,CHS,CHS,2016-05-04 18:48:00,2016-05-04 18:48:00
POP,NF682,AVL,JVL,2016-06-02 04:26:00,2016-06-02 06:19:00
POP,MK244,CHS,JVL,2016-08-08 06:49:00,2016-08-08 06:49:00
VAV,HX987,JVL,CHS,2016-07-15 15:37:00,2016-07-15 15:37:00
